C:\Users\chris\Git Local\Cortiware\docs\AI_AGENT_REFERENCE.md	2025-10-15T17:41:49
C:\Users\chris\Git Local\Cortiware\docs\M2_CURRENT_STATUS_AND_PLAN.md	2025-10-15T17:28:12
C:\Users\chris\Git Local\Cortiware\docs\ACTUAL_REMAINING_WORK.md	2025-10-15T17:27:50
C:\Users\chris\Git Local\Cortiware\docs\THEME_IMPROVEMENTS_TRACKER.md	2025-10-15T17:20:25
C:\Users\chris\Git Local\Cortiware\docs\M2_UI_MIGRATION_GUIDE.md	2025-10-15T17:19:27
C:\Users\chris\Git Local\Cortiware\docs\PHASE_2_AUTONOMOUS_PLAN.md	2025-10-15T12:21:32
C:\Users\chris\Git Local\Cortiware\docs\AUTONOMOUS_PHASE_1_FINAL_REPORT.md	2025-10-15T12:09:53
C:\Users\chris\Git Local\Cortiware\docs\PHASE_1_COMPLETION_SUMMARY.md	2025-10-15T12:06:28
C:\Users\chris\Git Local\Cortiware\docs\PHASE_1_AUTONOMOUS_PROGRESS.md	2025-10-15T12:00:57
C:\Users\chris\Git Local\Cortiware\docs\COMPREHENSIVE_REVIEW_COMPLETION.md	2025-10-15T11:29:57
C:\Users\chris\Git Local\Cortiware\docs\COMPREHENSIVE_CODEBASE_REVIEW.md	2025-10-15T10:09:59
C:\Users\chris\Git Local\Cortiware\docs\AI_PHASE_5_COMPLETION_REPORT.md	2025-10-15T08:25:27
C:\Users\chris\Git Local\Cortiware\docs\AI_FEATURES_IMPLEMENTATION_SUMMARY.md	2025-10-15T07:28:12
C:\Users\chris\Git Local\Cortiware\docs\AI_PHASE_2_COMPLETION_REPORT.md	2025-10-15T06:21:01
C:\Users\chris\Git Local\Cortiware\docs\AI_PHASE_1_COMPLETION_REPORT.md	2025-10-15T05:53:50
C:\Users\chris\Git Local\Cortiware\docs\IMPORT_WIZARD_USER_GUIDE.md	2025-10-15T05:50:47
C:\Users\chris\Git Local\Cortiware\docs\AI_PRODUCTION_READINESS_SUMMARY.md	2025-10-15T05:34:50
C:\Users\chris\Git Local\Cortiware\docs\AI_PRODUCTION_READINESS_AUDIT.md	2025-10-15T05:33:31
C:\Users\chris\Git Local\Cortiware\docs\MOBILE_UX_HANDOFF.md	2025-10-15T05:13:28
C:\Users\chris\Git Local\Cortiware\docs\INVOICE_REMINDERS_CRON.md	2025-10-14T09:26:53
C:\Users\chris\Git Local\Cortiware\docs\SERVICE_OWNERSHIP_GUIDE.md	2025-10-13T22:20:16
C:\Users\chris\Git Local\Cortiware\docs\CREDENTIALS_SETUP_GUIDE.md	2025-10-13T12:52:10
C:\Users\chris\Git Local\Cortiware\docs\PHASE_2_COMPLETION_REPORT.md	2025-10-13T11:01:52
C:\Users\chris\Git Local\Cortiware\docs\tenant-app\INTEGRATIONS.md	2025-10-12T14:40:57
C:\Users\chris\Git Local\Cortiware\docs\tenant-app\MULTI_VERTICAL_STRATEGY.md	2025-10-12T14:40:49
C:\Users\chris\Git Local\Cortiware\docs\tenant-app\TECHNICAL_SPEC.md	2025-10-12T14:40:42
C:\Users\chris\Git Local\Cortiware\docs\tenant-app\FEATURE_ROADMAP.md	2025-10-12T14:40:26
C:\Users\chris\Git Local\Cortiware\docs\tenant-app\UI_UX_SPEC.md	2025-10-12T14:40:16
C:\Users\chris\Git Local\Cortiware\docs\tenant-app\SYSTEM_ARCHITECTURE.md	2025-10-12T14:40:00
C:\Users\chris\Git Local\Cortiware\docs\tenant-app\EXECUTIVE_SUMMARY.md	2025-10-12T14:39:33
C:\Users\chris\Git Local\Cortiware\docs\tenant-app\README.md	2025-10-12T14:39:22
C:\Users\chris\Git Local\Cortiware\docs\IMPLEMENTATION_COMPLETE.md	2025-10-12T13:51:02
C:\Users\chris\Git Local\Cortiware\docs\API_REFERENCE.md	2025-10-12T13:47:47
C:\Users\chris\Git Local\Cortiware\docs\USER_GUIDE_PROVIDER_PORTAL.md	2025-10-12T13:47:02
C:\Users\chris\Git Local\Cortiware\docs\MONITORING_IMPLEMENTATION.md	2025-10-12T13:08:23
C:\Users\chris\Git Local\Cortiware\docs\CUSTOM_DOMAIN_SETUP.md	2025-10-12T13:06:59
C:\Users\chris\Git Local\Cortiware\docs\ACCESSIBILITY_GUIDE.md	2025-10-12T13:06:15
C:\Users\chris\Git Local\Cortiware\docs\MOBILE_RESPONSIVENESS.md	2025-10-12T13:05:27
C:\Users\chris\Git Local\Cortiware\docs\REAL_TIME_UPDATES.md	2025-10-12T13:04:41
C:\Users\chris\Git Local\Cortiware\docs\CACHING_STRATEGY.md	2025-10-12T13:03:57
C:\Users\chris\Git Local\Cortiware\docs\PERFORMANCE_OPTIMIZATION_GUIDE.md	2025-10-12T13:01:27
C:\Users\chris\Git Local\Cortiware\docs\MONITORING_AND_OBSERVABILITY.md	2025-10-12T12:28:53
C:\Users\chris\Git Local\Cortiware\docs\BACKUP_AND_DISASTER_RECOVERY.md	2025-10-12T12:27:47
C:\Users\chris\Git Local\Cortiware\docs\DOCUMENTATION_AUDIT_REPORT_2025-10-12.md	2025-10-12T11:28:02
C:\Users\chris\Git Local\Cortiware\docs\architecture\diagrams\deployment-architecture.md	2025-10-12T11:26:42
C:\Users\chris\Git Local\Cortiware\docs\architecture\diagrams\data-flow.md	2025-10-12T11:25:58
C:\Users\chris\Git Local\Cortiware\docs\architecture\diagrams\authentication-flow.md	2025-10-12T11:25:10
C:\Users\chris\Git Local\Cortiware\docs\architecture\diagrams\system-architecture.md	2025-10-12T11:24:41
C:\Users\chris\Git Local\Cortiware\docs\PROJECT_COMPLETION_STATUS.md	2025-10-12T11:23:14
C:\Users\chris\Git Local\Cortiware\docs\QUICK_START.md	2025-10-12T11:18:49
C:\Users\chris\Git Local\Cortiware\docs\INDEX.md	2025-10-12T11:16:12
C:\Users\chris\Git Local\Cortiware\docs\VERCEL_BUILD_GUIDE.md	2025-10-12T11:14:28
C:\Users\chris\Git Local\Cortiware\docs\PROVIDER_PORTAL_COMPLETE_IMPLEMENTATION_2025-10-10.md	2025-10-12T11:13:23
C:\Users\chris\Git Local\Cortiware\docs\HANDOFF_PROVIDER_PORTAL_2025-10-10.md	2025-10-12T11:13:03
C:\Users\chris\Git Local\Cortiware\docs\COMPREHENSIVE_SYSTEM_AUDIT_2025-10-10.md	2025-10-12T11:12:32
C:\Users\chris\Git Local\Cortiware\docs\PROVIDER_PORTAL_FINAL_IMPLEMENTATION_2025-10-10.md	2025-10-11T11:38:38
C:\Users\chris\Git Local\Cortiware\docs\PROVIDER_PORTAL_IMPLEMENTATION_COMPLETE_2025-10-10.md	2025-10-11T11:17:52
C:\Users\chris\Git Local\Cortiware\docs\COMPREHENSIVE_AUDIT_COMPLETE_2025-10-10.md	2025-10-10T20:52:16
C:\Users\chris\Git Local\Cortiware\docs\AUDIT_PROGRESS_REPORT_2025-10-10.md	2025-10-10T14:25:14
C:\Users\chris\Git Local\Cortiware\docs\TYPECHECK_ERROR_INVENTORY_2025-10-10.md	2025-10-10T14:22:44
C:\Users\chris\Git Local\Cortiware\docs\HOLISTIC_REMEDIATION_AND_STRATEGIC_PLAN_2025-10-10.md	2025-10-10T14:18:34
C:\Users\chris\Git Local\Cortiware\docs\planning\HANDOFF_WORK_SUMMARY.md	2025-10-10T10:37:50
C:\Users\chris\Git Local\Cortiware\docs\planning\HANDOFF_COMPLETION_2025-10-10.md	2025-10-10T10:37:07
C:\Users\chris\Git Local\Cortiware\docs\planning\HANDOFF.md	2025-10-10T10:35:28
C:\Users\chris\Git Local\Cortiware\docs\planning\UI_COMPONENTS_INTEGRATION_GUIDE.md	2025-10-10T10:34:29
C:\Users\chris\Git Local\Cortiware\docs\HANDOFF_2025-01-10_LEADS_MANAGEMENT_COMPLETE.md	2025-10-10T10:14:26
C:\Users\chris\Git Local\Cortiware\docs\provider-portal\_incoming\COMPREHENSIVE_IMPLEMENTATION_TRACKER.md	2025-10-10T09:08:33
C:\Users\chris\Git Local\Cortiware\docs\provider-portal\_incoming\v2\PROVIDER_PORTAL_PAGES_FIX_REPORT.md	2025-10-10T08:04:52
C:\Users\chris\Git Local\Cortiware\docs\provider-portal\_incoming\v2\FEDERATION_V3_IMPLEMENTATION_REPORT.md	2025-10-10T07:19:29
C:\Users\chris\Git Local\Cortiware\docs\FEDERATION_V3_IMPLEMENTATION_REPORT.md	2025-10-10T00:21:38
C:\Users\chris\Git Local\Cortiware\docs\Execute\Provider v3\AugmentCode_PR_Plan_and_Templates_v3_plus.md	2025-10-09T20:33:25
C:\Users\chris\Git Local\Cortiware\docs\Execute\Provider v3\AugmentCode_Implementation_Guide_v3_plus.md	2025-10-09T20:33:23
C:\Users\chris\Git Local\Cortiware\docs\Execute\Provider v3\ProviderFederation_Design_Rationale_v3_plus.md	2025-10-09T20:33:20
C:\Users\chris\Git Local\Cortiware\docs\provider-portal\_incoming\v2\PROVIDER_PORTAL_STRATEGIC_ENHANCEMENT_PLAN_v2.md	2025-10-09T19:21:39
C:\Users\chris\Git Local\Cortiware\docs\provider-portal\_incoming\v2\PROVIDER_PORTAL_END_TO_END_DELIVERY_RUNBOOK_v2.md	2025-10-09T19:21:34
C:\Users\chris\Git Local\Cortiware\docs\archive\PHASE_2_COMPLETE.md	2025-10-09T17:25:37
C:\Users\chris\Git Local\Cortiware\docs\CI_CD_GUIDELINES.md	2025-10-09T14:55:12
C:\Users\chris\Git Local\Cortiware\docs\PROVIDER_PORTAL_AUDIT_SUMMARY.md	2025-10-09T11:42:44
C:\Users\chris\Git Local\Cortiware\docs\PROVIDER_PORTAL_IMPLEMENTATION_PLAN.md	2025-10-09T11:41:52
C:\Users\chris\Git Local\Cortiware\docs\PROVIDER_PORTAL_AUDIT.md	2025-10-09T11:40:27
C:\Users\chris\Git Local\Cortiware\docs\RESPONSIVE_DESIGN_COMPLETION_REPORT.md	2025-10-09T11:22:41
C:\Users\chris\Git Local\Cortiware\docs\RESPONSIVE_DESIGN_SUMMARY.md	2025-10-09T11:05:18
C:\Users\chris\Git Local\Cortiware\docs\RESPONSIVE_DESIGN_IMPLEMENTATION.md	2025-10-09T11:03:05
C:\Users\chris\Git Local\Cortiware\docs\CI_CD_FIX_SUMMARY.md	2025-10-09T09:30:17
C:\Users\chris\Git Local\Cortiware\docs\CRM_IMPLEMENTATION_STATUS.md	2025-10-09T08:58:35
C:\Users\chris\Git Local\Cortiware\docs\BINDER_1_IMPLEMENTATION_GUIDE.md	2025-10-09T05:17:19
C:\Users\chris\Git Local\Cortiware\docs\ARCHITECTURE_GAP_CLOSURE_PLAN.md	2025-10-09T05:16:10
C:\Users\chris\Git Local\Cortiware\docs\ARCHITECTURE_OVERVIEW.md	2025-10-08T20:29:20
C:\Users\chris\Git Local\Cortiware\docs\roadmap\EMERGENCY_ACCESS_AND_FEDERATION_ROADMAP.md	2025-10-08T20:16:54
C:\Users\chris\Git Local\Cortiware\docs\security\EMERGENCY_PORTAL_DEPLOYMENT.md	2025-10-08T15:51:06
C:\Users\chris\Git Local\Cortiware\docs\security\EMERGENCY_ACCESS_RUNBOOK.md	2025-10-08T15:50:50
C:\Users\chris\Git Local\Cortiware\docs\security\SECURITY_IMPROVEMENTS_SUMMARY.md	2025-10-08T15:33:29
C:\Users\chris\Git Local\Cortiware\docs\security\SECURE_DEPLOYMENT_GUIDE.md	2025-10-08T15:27:41
C:\Users\chris\Git Local\Cortiware\docs\security\SECRET_ROTATION_COMPLETE.md	2025-10-08T15:12:06
C:\Users\chris\Git Local\Cortiware\docs\security\INCIDENT_RESPONSE_2025-10-08.md	2025-10-08T15:07:08
C:\Users\chris\Git Local\Cortiware\docs\deployment\MANUAL_ENV_SETUP.md	2025-10-08T14:33:39
C:\Users\chris\Git Local\Cortiware\docs\deployment\PHASE1_DEPLOYMENT_STATUS.md	2025-10-08T14:03:39
C:\Users\chris\Git Local\Cortiware\docs\WINDOWS_PRISMA_SOLUTION.md	2025-10-08T12:51:11
C:\Users\chris\Git Local\Cortiware\docs\WINDOWS_DEVELOPMENT.md	2025-10-08T12:51:11
C:\Users\chris\Git Local\Cortiware\docs\INFRASTRUCTURE_MONITORING.md	2025-10-08T12:51:11
C:\Users\chris\Git Local\Cortiware\docs\INFRASTRUCTURE_MONITORING_INVENTORY.md	2025-10-08T12:51:11
C:\Users\chris\Git Local\Cortiware\docs\IMPORT_WIZARD_IMPLEMENTATION.md	2025-10-08T12:51:11
C:\Users\chris\Git Local\Cortiware\docs\IMPORT_WIZARD_DEPLOYMENT.md	2025-10-08T12:51:11
C:\Users\chris\Git Local\Cortiware\docs\IMPORT_WIZARD_API.md	2025-10-08T12:51:11
C:\Users\chris\Git Local\Cortiware\docs\IMPORT_WIZARD_AI_IMPLEMENTATION.md	2025-10-08T12:51:11
C:\Users\chris\Git Local\Cortiware\docs\Execute\importer\routeware\README.md	2025-10-08T12:51:11
C:\Users\chris\Git Local\Cortiware\docs\Execute\importer\importer extension\README.md	2025-10-08T12:51:11
C:\Users\chris\Git Local\Cortiware\docs\Execute\importer\allypro\README.md	2025-10-08T12:51:11
C:\Users\chris\Git Local\Cortiware\docs\Execute\importer\excel\README.md	2025-10-08T12:51:11
C:\Users\chris\Git Local\Cortiware\docs\Execute\3\TESTS\acceptance.md	2025-10-08T12:51:11
C:\Users\chris\Git Local\Cortiware\docs\Execute\3\SECURITY\security.md	2025-10-08T12:51:11
C:\Users\chris\Git Local\Cortiware\docs\Execute\3\README.md	2025-10-08T12:51:11
C:\Users\chris\Git Local\Cortiware\docs\Execute\3\Import pack\README.md	2025-10-08T12:51:11
C:\Users\chris\Git Local\Cortiware\docs\Execute\3\INTEGRATIONS\leads_sources.md	2025-10-08T12:51:11
C:\Users\chris\Git Local\Cortiware\docs\Execute\3\INSTALL.md	2025-10-08T12:51:11
C:\Users\chris\Git Local\Cortiware\docs\Execute\2\apps\provider-portal\import-wizard\README.md	2025-10-08T12:51:11
C:\Users\chris\Git Local\Cortiware\docs\Execute\2\README.md	2025-10-08T12:51:11
C:\Users\chris\Git Local\Cortiware\docs\COST_OPTIMIZATION.md	2025-10-08T12:51:11
C:\Users\chris\Git Local\Cortiware\docs\Execute\2\MASTER_GUIDE_v3_9.md	2025-10-08T12:51:11
C:\Users\chris\Git Local\Cortiware\docs\AUTONOMOUS_WORK_COMPLETE.md	2025-10-08T12:51:11
C:\Users\chris\Git Local\Cortiware\docs\AUTONOMOUS_IMPLEMENTATION_SUMMARY.md	2025-10-08T12:51:11
C:\Users\chris\Git Local\Cortiware\docs\planning\TEST_PLANS.md	2025-10-08T12:50:58
C:\Users\chris\Git Local\Cortiware\docs\planning\ROADMAP.md	2025-10-08T12:50:58
C:\Users\chris\Git Local\Cortiware\docs\planning\RISK_REGISTER.md	2025-10-08T12:50:58
C:\Users\chris\Git Local\Cortiware\docs\planning\READY_FOR_SONNET.md	2025-10-08T12:50:58
C:\Users\chris\Git Local\Cortiware\docs\planning\PHASE6_COMPLETE.md	2025-10-08T12:50:58
C:\Users\chris\Git Local\Cortiware\docs\planning\PHASE7_COMPLETE.md	2025-10-08T12:50:58
C:\Users\chris\Git Local\Cortiware\docs\planning\PHASE4_COMPLETE.md	2025-10-08T12:50:58
C:\Users\chris\Git Local\Cortiware\docs\planning\PHASE5_COMPLETE.md	2025-10-08T12:50:58
C:\Users\chris\Git Local\Cortiware\docs\planning\PHASE3_COMPLETE.md	2025-10-08T12:50:58
C:\Users\chris\Git Local\Cortiware\docs\planning\PHASE2_COMPLETE.md	2025-10-08T12:50:58
C:\Users\chris\Git Local\Cortiware\docs\planning\IMPLEMENTATION_CHECKLISTS.md	2025-10-08T12:50:58
C:\Users\chris\Git Local\Cortiware\docs\planning\DEPENDENCIES.md	2025-10-08T12:50:58
C:\Users\chris\Git Local\Cortiware\docs\planning\DATA_MODELS.md	2025-10-08T12:50:58
C:\Users\chris\Git Local\Cortiware\docs\planning\ARCHITECTURE.md	2025-10-08T12:50:58
C:\Users\chris\Git Local\Cortiware\docs\planning\ALL_PHASES_COMPLETE.md	2025-10-08T12:50:58
C:\Users\chris\Git Local\Cortiware\docs\planning\API_CONTRACTS.md	2025-10-08T12:50:58
C:\Users\chris\Git Local\Cortiware\docs\MIGRATION_RUNBOOK.md	2025-10-08T12:50:58
C:\Users\chris\Git Local\Cortiware\docs\PERFORMANCE.md	2025-10-08T12:50:58
C:\Users\chris\Git Local\Cortiware\docs\PHASE1_RUN.md	2025-10-08T12:50:58
C:\Users\chris\Git Local\Cortiware\docs\GITHUB_SECRETS_SETUP.md	2025-10-08T12:50:58
C:\Users\chris\Git Local\Cortiware\docs\Execute\importers\routeware\README.md	2025-10-08T12:50:58
C:\Users\chris\Git Local\Cortiware\docs\Execute\importers\excel\README.md	2025-10-08T12:50:58
C:\Users\chris\Git Local\Cortiware\docs\Execute\importers\allypro\README.md	2025-10-08T12:50:58
C:\Users\chris\Git Local\Cortiware\docs\Execute\VERTICAL_PACKS_SPECS.md	2025-10-08T12:50:58
C:\Users\chris\Git Local\Cortiware\docs\Execute\VERTICAL_PACKS_PHASE1.md	2025-10-08T12:50:58
C:\Users\chris\Git Local\Cortiware\docs\Execute\TEST_STRATEGY.md	2025-10-08T12:50:58
C:\Users\chris\Git Local\Cortiware\docs\Execute\SECURITY_STUBS.md	2025-10-08T12:50:58
C:\Users\chris\Git Local\Cortiware\docs\Execute\REPO_ALIGNED_ROADMAP.md	2025-10-08T12:50:58
C:\Users\chris\Git Local\Cortiware\docs\Execute\README.md	2025-10-08T12:50:58
C:\Users\chris\Git Local\Cortiware\docs\Execute\PROMPTS.md	2025-10-08T12:50:58
C:\Users\chris\Git Local\Cortiware\docs\Execute\MASTER_GUIDE.md	2025-10-08T12:50:58
C:\Users\chris\Git Local\Cortiware\docs\Execute\MONETIZATION_AND_402.md	2025-10-08T12:50:58
C:\Users\chris\Git Local\Cortiware\docs\Execute\COST_UPGRADE_POLICY.md	2025-10-08T12:50:58
C:\Users\chris\Git Local\Cortiware\docs\Execute\CI_GUARDRAILS.md	2025-10-08T12:50:58
C:\Users\chris\Git Local\Cortiware\docs\COST_BUDGETS.md	2025-10-08T12:50:58
